date,HS300,SZZS,SZZZ
2018/11/5,3262.8351,2665.4306,1351.004
2018/11/6,3243.1504,2659.3564,1346.19
2018/11/7,3221.9101,2641.342,1340.371
2018/11/8,3212.7737,2635.6322,1333.977
2018/11/9,3167.4442,2598.8715,1328.19
2018/11/12,3205.1407,2630.5195,1361.743
2018/11/13,3237.3823,2654.8795,1383.916
2018/11/14,3204.9427,2632.2425,1378.36
2018/11/15,3242.3715,2668.1704,1398.396
2018/11/16,3257.6735,2679.1097,1410.181
2018/11/19,3294.6031,2703.5116,1417.427
2018/11/20,3218.4076,2645.8545,1378.921
2018/11/21,3226.4918,2651.5053,1386.428
2018/11/22,3214.4273,2645.4339,1385.838
2018/11/23,3143.4752,2579.4831,1335.153
2018/11/26,3141.2434,2575.8101,1330.928
2018/11/27,3137.2413,2574.6792,1336.676
2018/11/28,3178.9326,2601.7365,1355.379
2018/11/29,3137.6542,2567.4434,1325.431
2018/11/30,3172.69,2588.1875,1337.742
2018/12/3,3260.9502,2654.798,1381.547
2018/12/4,3267.7095,2665.9577,1387.49
2018/12/5,3252.0041,2649.8051,1380.777
2018/12/6,3181.673,2605.1813,1350.753
2018/12/7,3181.5646,2605.8876,1350.696
2018/12/10,3144.7631,2584.5822,1332.527
2018/12/11,3159.8158,2594.0881,1343.896
2018/12/12,3170.6092,2602.1526,1346.031
2018/12/13,3219.6924,2634.0491,1360.922
2018/12/14,3165.9109,2593.7407,1327.416
2018/12/17,3161.1966,2597.9737,1323.315
2018/12/18,3128.4265,2576.6495,1312.552
2018/12/19,3091.1255,2549.5634,1294.485
2018/12/20,3067.4169,2536.2675,1297.102
2018/12/21,3029.3951,2516.2506,1284.665
2018/12/24,3038.1981,2527.0071,1295.719
2018/12/25,3017.2815,2504.819,1285.187
2018/12/26,3002.0327,2498.2939,1279.788
2018/12/27,2990.5057,2483.0864,1264.23
2018/12/28,3010.6536,2493.8962,1267.869
2019/1/2,2969.5353,2465.291,1256.389
2019/1/3,2964.8421,2464.3628,1246.365
2019/1/4,3035.8741,2514.8682,1279.489
2019/1/7,3054.303,2533.0887,1301.407
2019/1/8,3047.7035,2526.4622,1299.89
2019/1/9,3078.4759,2544.3449,1306.945
2019/1/10,3072.6864,2535.0985,1303.476
2019/1/11,3094.7782,2553.8313,1313.357
2019/1/14,3067.7845,2535.7653,1303.75
2019/1/15,3127.9904,2570.3449,1323.161
2019/1/16,3128.6517,2570.4221,1321.524
2019/1/17,3111.4168,2559.637,1309.145
2019/1/18,3168.1739,2596.0056,1322.137
2019/1/21,3185.6364,2610.5094,1330.165
2019/1/22,3143.3171,2579.7041,1314.584
2019/1/23,3141.0532,2581.0041,1316.282
2019/1/24,3158.7817,2591.6935,1322.301
2019/1/25,3184.4696,2601.7234,1319.972
2019/1/28,3183.7777,2596.9767,1314.992
2019/1/29,3193.9698,2594.2536,1300.34
2019/1/30,3168.4829,2575.5756,1283.709
2019/1/31,3201.6331,2584.5724,1274.744
2019/2/1,3247.3971,2618.2323,1309.991
2019/2/11,3306.4725,2653.896,1347.937
2019/2/12,3330.3353,2671.8937,1364.146
2019/2/13,3397.0276,2721.0683,1389.684
2019/2/14,3402.1403,2719.6999,1398.842
2019/2/15,3338.7047,2682.385,1389.467
2019/2/18,3445.7448,2754.3566,1440.951
2019/2/19,3439.6078,2755.6459,1443.598
2019/2/20,3451.9273,2761.2189,1448.238
2019/2/21,3442.7056,2751.8012,1444.347
2019/2/22,3520.1182,2804.2262,1477.248
2019/2/25,3729.4831,2961.2834,1557.271
2019/2/26,3684.6935,2941.5163,1549.705
2019/2/27,3678.3921,2953.8242,1540.918
2019/2/28,3669.3703,2940.9538,1546.331
2019/3/1,3749.7143,2994.005,1564.84
2019/3/4,3794.104,3027.5755,1599.482
2019/3/5,3816.0132,3054.2466,1635.98
2019/3/6,3848.0903,3102.0991,1660.411
2019/3/7,3808.8497,3106.4179,1668.533
2019/3/8,3657.579,2969.8614,1605.279
2019/3/11,3729.9546,3026.9925,1667.818
2019/3/12,3755.3519,3060.3073,1695.807
2019/3/13,3724.1941,3026.9513,1656.543
2019/3/14,3698.4858,2990.685,1618.262
2019/3/15,3745.005,3021.7512,1641.372
2019/3/18,3851.7479,3096.4176,1685.792
2019/3/19,3833.9626,3090.975,1688.758
2019/3/20,3835.4397,3090.6403,1684.571
2019/3/21,3836.8913,3101.455,1697.492
2019/3/22,3833.8013,3104.1487,1700.944
2019/3/25,3742.8252,3043.0313,1676.426
2019/3/26,3700.4388,2997.0954,1639.944
2019/3/27,3743.3878,3022.7196,1654.69
2019/3/28,3728.3953,2994.9434,1639.723
2019/3/29,3872.3412,3090.758,1695.138
2019/4/1,3973.928,3170.361,1755.665
2019/4/2,3971.2852,3176.8227,1757.605
2019/4/3,4022.1566,3216.2952,1772.092
2019/4/4,4062.2309,3246.5714,1780.016
2019/4/8,4057.2286,3244.8103,1770.2
2019/4/9,4075.4301,3239.6639,1783.01
2019/4/10,4085.847,3241.9299,1779.281
2019/4/11,3997.5778,3189.9619,1740.368
2019/4/12,3988.6168,3188.6256,1738.525
2019/4/15,3975.5244,3177.7866,1723.909
2019/4/16,4085.7891,3253.5978,1760.023
2019/4/17,4087.2398,3263.1179,1772.707
2019/4/18,4072.0753,3250.2012,1762.298
2019/4/19,4120.6078,3270.7973,1778.815
2019/4/22,4025.6109,3215.0426,1751.908
2019/4/23,4019.0053,3198.5938,1728.859
2019/4/24,4030.0887,3201.6137,1747.877
2019/4/25,3941.816,3123.8261,1688.25
2019/4/26,3889.2748,3086.3989,1665.797
2019/4/29,3900.3339,3062.4985,1625.618
2019/4/30,3913.211,3078.3389,1636.591
2019/5/6,3684.6168,2906.464,1515.796
2019/5/7,3720.6684,2926.3908,1540.309
2019/5/8,3667.4574,2893.7567,1530.308
2019/5/9,3599.7001,2850.9537,1510.72
2019/5/10,3730.4513,2939.2106,1568.621
2019/5/13,3668.7255,2903.7131,1551.749
2019/5/14,3645.1503,2883.6107,1542.068
2019/5/15,3727.0923,2938.6781,1577.917
2019/5/16,3743.9635,2955.711,1584.815
2019/5/17,3648.7609,2882.2962,1533.22
2019/5/20,3617.7924,2870.6046,1521.724
2019/5/21,3666.7762,2905.9688,1548.681
2019/5/22,3649.3796,2891.7046,1540.85
2019/5/23,3583.9646,2852.5153,1503.374
2019/5/24,3593.9139,2852.9948,1496.029
2019/5/27,3637.1971,2892.3782,1533.519
2019/5/28,3672.2605,2909.9106,1541.649
2019/5/29,3663.909,2914.6964,1541.66
2019/5/30,3641.1833,2905.8054,1532.027
2019/5/31,3629.7893,2898.6961,1531.857
2019/6/3,3632.0127,2890.0809,1515.885
2019/6/4,3598.4666,2862.2803,1494.154
2019/6/5,3597.105,2861.4181,1494.773
2019/6/6,3564.6778,2827.7978,1463.703
2019/6/10,3610.7435,2852.1302,1483.234
2019/6/11,3719.2759,2925.7162,1538.23
2019/6/12,3691.0957,2909.3796,1528.397
2019/6/13,3685.3933,2910.7406,1532.788
2019/6/14,3654.8799,2881.9743,1505.057
2019/6/17,3654.8248,2887.6221,1502.122
2019/6/18,3667.6185,2890.158,1504.567
2019/6/19,3715.9381,2917.8029,1526.766
2019/6/20,3828.5183,2987.1186,1556.596
2019/6/21,3833.9383,3001.9802,1577.439
2019/6/24,3841.2659,3008.1479,1576.086
2019/6/25,3801.3098,2982.0738,1560.457
2019/6/26,3794.331,2976.2837,1560.509
2019/6/27,3834.8172,2996.7926,1577.557
2019/6/28,3825.5873,2978.8784,1562.424
2019/7/1,3935.8116,3044.9028,1616.553
2019/7/2,3937.1691,3043.9428,1619.124
2019/7/3,3893.5341,3015.2633,1600.015
2019/7/4,3873.1019,3005.2488,1591.239
2019/7/5,3893.2025,3011.0588,1601.2
2019/7/8,3802.7897,2933.3634,1554.799
2019/7/9,3793.1297,2928.2295,1558.112
2019/7/10,3786.739,2915.3022,1550.869
2019/7/11,3785.221,2917.7609,1548.932
2019/7/12,3808.7311,2930.5462,1556.771
2019/7/15,3824.1878,2942.1853,1572.344
2019/7/16,3806.8449,2937.6168,1571.812
2019/7/17,3804.6384,2931.6926,1574.353
2019/7/18,3768.4019,2901.1766,1548.643
2019/7/19,3807.9551,2924.2006,1560.274
2019/7/22,3781.6832,2886.974,1532.43
2019/7/23,3789.9135,2899.9446,1545.875
2019/7/24,3819.8325,2923.2775,1562.972
2019/7/25,3851.0665,2937.3601,1572.798
2019/7/26,3858.5688,2944.541,1573.454
2019/7/29,3854.2704,2941.007,1574.945
2019/7/30,3870.3176,2952.3383,1582.066
2019/7/31,3835.3589,2932.5058,1571.299
2019/8/1,3803.4694,2908.766,1563.063
2019/8/2,3747.4379,2867.8376,1539.863
2019/8/5,3675.6884,2821.4957,1517.266
2019/8/6,3636.3289,2777.5559,1490.303
2019/8/7,3621.431,2768.6795,1483.946
2019/8/8,3669.2936,2794.5523,1498.952
2019/8/9,3633.5296,2774.7532,1479.857
2019/8/12,3699.1047,2814.9944,1508.994
2019/8/13,3665.7515,2797.2596,1498.634
2019/8/14,3682.4015,2808.9146,1509.002
2019/8/15,3694.0006,2815.7976,1517.068
2019/8/16,3710.5386,2823.8238,1525.48
2019/8/19,3791.0946,2883.096,1571.969
2019/8/20,3787.7324,2880.0012,1574.116
2019/8/21,3781.7579,2880.3307,1572.621
2019/8/22,3793.5061,2883.4358,1578.913
2019/8/23,3820.8638,2897.4253,1578.697
2019/8/26,3765.9105,2863.5673,1566.572
2019/8/27,3816.9459,2902.1932,1595.819
2019/8/28,3802.5844,2893.7564,1593.822
2019/8/29,3790.1867,2890.9192,1591.084
2019/8/30,3799.5863,2886.2365,1579.251
2019/9/2,3848.3198,2924.1063,1614.922
2019/9/3,3853.6106,2930.1538,1625.557
2019/9/4,3886.0012,2957.4116,1636.404
2019/9/5,3925.323,2985.8648,1651.629
2019/9/6,3948.5075,2999.6013,1657.499
2019/9/9,3972.9484,3024.7388,1689.2082
2019/9/10,3959.265,3021.2024,1687.314
2019/9/11,3930.0999,3008.8118,1671.537
2019/9/12,3972.3799,3031.2351,1681.23
2019/9/16,3957.7154,3030.7544,1685.093
2019/9/17,3891.2208,2978.1178,1651.354
2019/9/18,3910.0837,2985.6586,1655.607
2019/9/19,3924.3823,2999.2789,1672.629
2019/9/20,3935.6511,3006.4467,1675.346
2019/9/23,3890.6616,2977.0767,1660.061
2019/9/24,3901.0758,2985.3406,1665.559
2019/9/25,3870.9837,2955.4325,1638.771
2019/9/26,3841.1388,2929.0875,1597.718
2019/9/27,3852.6534,2932.167,1612.258
2019/9/30,3814.5282,2905.1892,1595.205
2019/10/8,3837.6791,2913.5704,1598.642
2019/10/9,3843.2392,2924.8566,1609.105
2019/10/10,3874.6391,2947.7106,1631.84
2019/10/11,3911.7253,2973.6558,1636.965
2019/10/14,3953.2411,3007.8834,1660.334
2019/10/15,3936.2498,2991.0459,1641.948
2019/10/16,3922.6854,2978.7124,1635.65
2019/10/17,3925.2216,2977.3342,1635.92
2019/10/18,3869.3777,2938.1413,1616.72
2019/10/21,3880.8398,2939.6179,1614.872
2019/10/22,3895.8809,2954.3799,1631.215
2019/10/23,3871.0848,2941.6188,1618.4
2019/10/24,3870.6678,2940.9215,1616.333
2019/10/25,3896.7923,2954.9327,1632.402
2019/10/28,3926.585,2980.0498,1658.241
2019/10/29,3910.226,2954.176,1642.682
2019/10/30,3891.2255,2939.3209,1628.616
2019/10/31,3886.7519,2929.0561,1616.19
2019/11/1,3952.3872,2958.1992,1637.003
2019/11/4,3978.1216,2975.4919,1646.701
2019/11/5,4002.8128,2991.5622,1655.605
2019/11/6,3984.8816,2978.5955,1641.228
2019/11/7,3991.8749,2978.7144,1651.773
2019/11/8,3973.0107,2964.1849,1648.679
2019/11/11,3902.9783,2909.9746,1611.445
2019/11/12,3903.6888,2914.8232,1614.188
2019/11/13,3899.9815,2905.2409,1614.295
2019/11/14,3905.857,2909.8697,1624.126
2019/11/15,3877.0892,2891.3431,1605.702
2019/11/18,3907.9291,2909.2002,1617.189
2019/11/19,3947.0392,2933.9908,1646.801
2019/11/20,3907.8641,2911.0534,1635.158
2019/11/21,3889.598,2903.6379,1631.238
2019/11/22,3849.9948,2885.2884,1607.515
2019/11/25,3878.2061,2906.1688,1600.453
2019/11/26,3891.6533,2907.0602,1605.642
2019/11/27,3875.6186,2903.1947,1602.004
2019/11/28,3862.3029,2889.6934,1597.848
2019/11/29,3828.6706,2871.9813,1593.104
2019/12/2,3836.0589,2875.8072,1596.599
2019/12/3,3851.0873,2884.6988,1605.329
2019/12/4,3849.819,2878.1157,1608.517
2019/12/5,3879.3638,2899.4685,1626.966
2019/12/6,3902.3853,2912.0136,1640.327
2019/12/9,3895.4468,2914.4775,1640.51
2019/12/10,3900.3843,2917.3157,1646.818
2019/12/11,3902.7492,2924.4173,1639.497
2019/12/12,3891.0242,2915.6983,1636.334
2019/12/13,3968.2211,2967.6764,1660.554
2019/12/16,3987.5464,2984.3925,1686.413
2019/12/17,4041.7996,3022.4219,1708.783
2019/12/18,4032.7826,3017.0444,1709.442
2019/12/19,4027.1495,3017.0658,1713.034
2019/12/20,4017.2527,3004.9376,1700.294
2019/12/23,3967.0962,2962.7513,1667.711
2019/12/24,3992.9581,2982.6806,1690.735
2019/12/25,3990.8671,2981.8805,1697.208
2019/12/26,4025.9879,3007.3546,1709.45
2019/12/27,4022.0278,3005.0355,1697.914
2019/12/30,4081.6334,3040.0239,1713.5075
2019/12/31,4096.5821,3050.124,1722.945
2020/1/2,4152.2408,3085.1976,1756.1626
2020/1/3,4144.9649,3083.7858,1760.8531
2020/1/6,4129.2954,3083.4083,1768.6836
2020/1/7,4160.2274,3104.8015,1791.8529
2020/1/8,4112.3172,3066.8925,1769.5837
2020/1/9,4164.3697,3094.8819,1800.6378
2020/1/10,4163.1849,3092.2907,1797.8838
2020/1/13,4203.9883,3115.5696,1822.3517
2020/1/14,4189.8862,3106.8204,1818.1251
2020/1/15,4166.7344,3090.0379,1814.2135
2020/1/16,4149.0434,3074.0814,1811.5686
2020/1/17,4154.853,3075.4955,1806.2802
2020/1/20,4185.8304,3095.7873,1829.9525
2020/1/21,4114.3085,3052.1419,1806.5352
2020/1/22,4131.9311,3060.7545,1819.61
2020/1/23,4003.9013,2976.5281,1756.815
2020/2/3,3688.3578,2746.6056,1609.002
2020/2/4,3785.6376,2783.2875,1638.0217
2020/2/5,3828.5272,2818.0878,1678.6394
2020/2/6,3899.7751,2866.5097,1727.2375
2020/2/7,3899.8693,2875.9636,1736.1709
2020/2/10,3916.0052,2890.4878,1757.2643
2020/2/11,3952.4643,2901.6744,1758.0151
2020/2/12,3984.4325,2926.8991,1785.3305
2020/2/13,3959.9188,2906.0735,1771.6102
2020/2/14,3987.7342,2917.0077,1779.4304
2020/2/17,4077.4241,2983.6224,1835.9606
2020/2/18,4057.5108,2984.9716,1856.5621
2020/2/19,4051.3107,2975.4019,1846.4045
2020/2/20,4144.6561,3030.1542,1886.1402
2020/2/21,4149.4903,3039.6692,1907.35
2020/2/24,4132.8388,3031.2333,1933.3583
2020/2/25,4123.8543,3013.0501,1943.1679
2020/2/26,4073.0152,2987.9287,1890.6043
2020/2/27,4084.8759,2991.3288,1895.1329
2020/2/28,3940.0488,2880.3038,1801.747
2020/3/2,4069.6662,2970.9312,1869.6488
2020/3/3,4091.3615,2992.8968,1888.9199
2020/3/4,4115.0524,3011.6657,1895.7393
2020/3/5,4206.7251,3071.6771,1929.436
2020/3/6,4138.5072,3034.5113,1915.1663
2020/3/9,3997.1325,2943.2907,1842.6621
2020/3/10,4082.7315,2996.7618,1887.3397
2020/3/11,4028.4289,2968.5174,1859.3958
2020/3/12,3950.9111,2923.4856,1818.5572
2020/3/13,3895.3128,2887.4265,1798.9847
2020/3/16,3727.8398,2789.2537,1712.0172
2020/3/17,3709.6822,2779.6407,1704.7359
2020/3/18,3636.2565,2728.7563,1678.2484
2020/3/19,3589.0926,2702.1296,1682.9296
2020/3/20,3653.2239,2745.6182,1704.4623
2020/3/23,3530.3058,2660.1674,1631.8767
2020/3/24,3625.1146,2722.4381,1666.2217
2020/3/25,3722.5181,2781.5913,1714.8564
2020/3/26,3698.0472,2764.9109,1701.1515
2020/3/27,3710.0605,2772.2033,1693.347
2020/3/30,3674.1108,2747.2138,1657.5471
2020/3/31,3686.1551,2750.2962,1665.9257
2020/4/1,3675.0758,2734.5215,1660.0778
2020/4/2,3734.5306,2780.6379,1697.5546
2020/4/3,3713.2183,2763.9874,1689.5721
2020/4/7,3798.0214,2820.7634,1743.3727
2020/4/8,3780.3445,2815.3686,1740.6484
2020/4/9,3792.8105,2825.9036,1755.371
2020/4/10,3769.1782,2796.6312,1721.2176
2020/4/13,3753.2566,2783.0476,1707.459
2020/4/14,3825.6991,2827.283,1745.4184
2020/4/15,3797.3623,2811.1741,1736.1337
2020/4/16,3802.3806,2819.935,1744.3907
2020/4/17,3839.4871,2838.4945,1750.2798
2020/4/20,3853.4551,2852.5528,1767.863
2020/4/21,3808.0474,2827.0133,1753.4175
2020/4/22,3839.3834,2843.9804,1771.7985
2020/4/23,3829.7525,2838.4994,1763.0253
2020/4/24,3796.9721,2808.5293,1736.9286
2020/4/27,3822.769,2815.4947,1738.0453
2020/4/28,3849.1465,2810.0243,1732.5612
2020/4/29,3867.032,2822.4424,1730.7422
2020/4/30,3912.5772,2860.0822,1763.3623
2020/5/6,3936.2539,2878.1402,1790.2789
2020/5/7,3924.8946,2871.5232,1788.2139
2020/5/8,3963.6217,2895.3444,1809.1687
2020/5/11,3960.1803,2894.802,1804.7388
2020/5/12,3960.2378,2891.5564,1810.7346
2020/5/13,3968.2529,2898.0495,1822.8519
2020/5/14,3925.2177,2870.3422,1805.6962
2020/5/15,3912.8159,2868.4587,1808.5635
2020/5/18,3922.9117,2875.4176,1800.8396
2020/5/19,3956.2495,2898.576,1823.572
2020/5/20,3935.222,2883.7378,1805.8574
2020/5/21,3913.7949,2867.9237,1788.6356
2020/5/22,3824.064,2813.7654,1752.4165
2020/5/25,3829.3245,2817.9697,1750.8237
2020/5/26,3872.7701,2846.5473,1789.5232
2020/5/27,3845.6135,2836.8036,1774.2177
2020/5/28,3856.6324,2846.2217,1769.6998
2020/5/29,3867.0232,2852.3512,1786.5055
2020/6/1,3971.3402,2915.4311,1842.9453
2020/6/2,3983.5677,2921.398,1846.6574
2020/6/3,3983.6477,2923.3711,1847.377
2020/6/4,3982.1851,2919.2506,1852.536
2020/6/5,4001.2509,2930.7993,1856.6056
2020/6/8,4021.9549,2937.7712,1856.8851
2020/6/9,4047.0293,2956.1116,1869.3287
2020/6/10,4039.7051,2943.7525,1874.9442
2020/6/11,3995.8846,2920.8968,1865.2999
2020/6/12,4003.0829,2919.7408,1870.7007
2020/6/15,3954.9883,2890.0306,1865.3427
2020/6/16,4014.5702,2931.7493,1898.3464
2020/6/17,4017.5941,2935.873,1903.7667
2020/6/18,4044.3842,2939.3151,1908.3303
2020/6/19,4098.7095,2967.6341,1931.1029
2020/6/22,4102.0459,2965.2717,1936.6467
2020/6/23,4121.7944,2970.6203,1947.4476
2020/6/24,4138.9895,2979.5505,1947.7255
2020/6/29,4109.7164,2961.5164,1939.1238
2020/6/30,4163.9637,2984.6741,1975.5199
2020/7/1,4247.7835,3025.981,1991.1101
2020/7/2,4335.8445,3090.5693,2016.0492
2020/7/3,4419.5955,3152.8126,2041.8909
2020/7/6,4670.0949,3332.8807,2121.5884
2020/7/7,4698.1264,3345.3369,2157.9417
2020/7/8,4774.0042,3403.4401,2198.6182
2020/7/9,4840.7712,3450.5935,2257.9501
2020/7/10,4753.1333,3383.3222,2251.0042
2020/7/13,4852.9612,3443.2863,2329.3984
2020/7/14,4806.6902,3414.6186,2309.565
2020/7/15,4744.4687,3361.3044,2261.7984
2020/7/16,4516.2532,3210.0986,2144.2448
2020/7/17,4544.7007,3214.1287,2158.9384
2020/7/20,4680.3046,3314.149,2216.7041
2020/7/21,4691.0425,3320.8947,2232.6991
2020/7/22,4714.4454,3333.1635,2251.4271
2020/7/23,4712.4357,3325.1102,2250.9226
2020/7/24,4505.5906,3196.7684,2138.3568
2020/7/27,4528.45,3205.2268,2144.3721
2020/7/28,4568.2576,3227.9604,2173.8446
2020/7/29,4679.008,3294.5521,2236.9512
2020/7/30,4656.1506,3286.822,2227.3265
2020/7/31,4695.0462,3310.0065,2256.8692
2020/8/3,4771.3108,3367.9658,2315.4407
2020/8/4,4775.8024,3371.6875,2300.5027
2020/8/5,4777.1089,3377.5648,2318.9246
2020/8/6,4762.7642,3386.4631,2304.5203
2020/8/7,4707.9262,3354.0352,2272.6601
2020/8/10,4724.8697,3379.2524,2277.4207
2020/8/11,4681.7837,3340.29,2243.4529
2020/8/12,4647.6446,3319.2656,2215.1147
2020/8/13,4635.7126,3320.7261,2216.4666
2020/8/14,4704.6288,3360.0988,2244.1715
2020/8/17,4815.2261,3438.801,2287.336
2020/8/18,4812.7564,3451.0894,2298.4495
2020/8/19,4740.6784,3408.1288,2253.6781
2020/8/20,4679.1544,3363.8988,2225.7247
2020/8/21,4718.8431,3380.6825,2249.9513
2020/8/24,4755.8491,3385.6383,2278.2451
2020/8/25,4761.9507,3373.5781,2280.7477
2020/8/26,4706.1302,3329.7388,2237.894
2020/8/27,4731.3451,3350.1128,2261.1633
2020/8/28,4844.2652,3403.8066,2305.6215
2020/8/31,4816.2153,3395.6775,2295.4906
2020/9/1,4842.1223,3410.6068,2310.8534
2020/9/2,4843.887,3404.8017,2321.3966
2020/9/3,4817.0952,3384.9806,2301.8104
2020/9/4,4770.219,3355.3666,2290.4926
2020/9/7,4669.3677,3292.5907,2239.6819
2020/9/8,4694.3894,3316.417,2248.2016
2020/9/9,4584.5887,3254.6279,2175.7707
2020/9/10,4581.9775,3234.8234,2129.245
2020/9/11,4627.2826,3260.3461,2164.2166
2020/9/14,4651.0507,3278.8138,2189.0966
2020/9/15,4688.4826,3295.6795,2205.3593
2020/9/16,4657.3584,3283.9244,2185.2225
2020/9/17,4632.7142,3270.435,2186.9865
2020/9/18,4737.0887,3338.0897,2219.912
2020/9/21,4691.4281,3316.9351,2208.298
2020/9/22,4635.7608,3274.3015,2184.1485
2020/9/23,4652.3273,3279.7105,2202.1771
2020/9/24,4563.0657,3223.1764,2148.0776
2020/9/25,4570.0216,3219.4179,2143.0513
2020/9/28,4581.9085,3217.5346,2126.8808
2020/9/29,4591.7993,3224.3593,2148.4546
2020/9/30,4587.3953,3218.0521,2149.5403
2020/10/9,4681.1412,3272.0762,2215.9609
2020/10/12,4823.1578,3358.4652,2289.357
2020/10/13,4839.201,3359.7499,2304.1906
2020/10/14,4807.1021,3340.7782,2290.3998
2020/10/15,4798.7361,3332.1832,2274.3913
2020/10/16,4791.676,3336.3582,2265.4332
2020/10/19,4755.4879,3312.6671,2249.5271
2020/10/20,4793.4672,3328.1029,2279.3831
2020/10/21,4792.8284,3325.0247,2254.2341
2020/10/22,4777.9845,3312.5005,2243.2389
2020/10/23,4718.4881,3277.9972,2200.5601
2020/10/26,4691.2359,3251.1188,2212.0668
2020/10/27,4699.2792,3254.3157,2223.9227
2020/10/28,4737.2718,3269.238,2239.108
2020/10/29,4772.9198,3272.7274,2249.5738
2020/10/30,4695.3338,3224.5325,2198.0667
2020/11/2,4720.8313,3225.1196,2223.3872
2020/11/3,4777.5608,3271.0744,2255.0834
2020/11/4,4813.6564,3277.4402,2262.1353
2020/11/5,4885.1118,3320.1333,2299.8733
2020/11/6,4885.7178,3312.159,2282.0928
2020/11/9,4981.3497,3373.7337,2333.4554
2020/11/10,4953.8756,3360.1485,2308.8492
2020/11/11,4904.8981,3342.2025,2263.9573
2020/11/12,4908.463,3338.6788,2273.7421
2020/11/13,4856.8513,3310.1046,2268.6657
2020/11/16,4904.1716,3346.9692,2289.8222
2020/11/17,4894.786,3339.895,2269.3267
2020/11/18,4891.6716,3347.3034,2261.5877
2020/11/19,4927.9891,3363.0876,2275.847
2020/11/20,4943.2882,3377.7267,2289.51
2020/11/23,5005.0273,3414.4899,2301.9619
2020/11/24,4974.2855,3402.8225,2294.1496
2020/11/25,4910.7,3362.3274,2254.2968
2020/11/26,4919.5912,3369.7334,2245.4709
2020/11/27,4980.765,3408.3071,2253.1203
2020/11/30,4960.2519,3391.7551,2249.6582
2020/12/1,5067.0983,3451.9384,2286.5504
2020/12/2,5067.1447,3449.3805,2290.2048
2020/12/3,5057.0603,3442.1359,2290.3324
2020/12/4,5065.9163,3444.5814,2301.829
2020/12/7,5022.2351,3416.6037,2294.909
2020/12/8,5009.8786,3410.1771,2293.9781
2020/12/9,4942.6986,3371.964,2250.8099
2020/12/10,4940.5249,3373.2758,2253.4324
2020/12/11,4889.6292,3347.191,2223.9402
2020/12/14,4934.8352,3369.1201,2247.69
2020/12/15,4945.1,3367.2326,2256.4281
2020/12/16,4953.867,3366.9832,2248.5054
2020/12/17,5017.4784,3404.8732,2269.4794
2020/12/18,4999.9678,3394.896,2262.5708
2020/12/21,5046.8396,3420.5693,2304.9816
2020/12/22,4964.7727,3356.7822,2264.4831
2020/12/23,5007.1235,3382.3195,2281.2412
2020/12/24,5000.0154,3363.1133,2255.5448
2020/12/25,5042.0137,3396.5626,2273.9943
2020/12/28,5064.4147,3397.2854,2273.0063
2020/12/29,5042.9361,3379.0362,2258.3736
2020/12/30,5113.7105,3414.4527,2288.5566
2020/12/31,5211.2885,3473.0693,2329.3705
2021/1/4,5267.7181,3502.9584,2386.542
2021/1/5,5368.5049,3528.6767,2422.3405
2021/1/6,5417.6677,3550.8767,2421.5071
2021/1/7,5513.6568,3576.2046,2426.6569
2021/1/8,5495.4306,3570.1082,2419.4977
2021/1/11,5441.1583,3531.4978,2375.8624
2021/1/12,5596.3525,3608.3389,2419.9636
2021/1/13,5577.9711,3598.6518,2393.7381
2021/1/14,5470.4563,3565.9046,2360.3971
2021/1/15,5458.0812,3566.3778,2366.8587
2021/1/18,5518.5205,3596.2237,2401.7815
2021/1/19,5437.5234,3566.3814,2378.6537
2021/1/20,5476.4336,3583.092,2412.5563
2021/1/21,5564.9693,3621.2641,2449.3735
2021/1/22,5569.776,3606.7496,2456.2355
2021/1/25,5625.9232,3624.2381,2462.8501
2021/1/26,5512.9678,3569.429,2414.1605
2021/1/27,5528.0034,3573.3412,2420.9157
2021/1/28,5377.1427,3505.1759,2352.752
2021/1/29,5351.9646,3483.0692,2335.0451
2021/2/1,5417.6484,3505.2836,2362.3931
2021/2/2,5501.0915,3533.6849,2401.6456
2021/2/3,5485.2008,3517.308,2380.7851
2021/2/4,5473.9475,3501.8592,2353.2659
2021/2/5,5483.414,3496.3329,2332.527
2021/2/8,5564.5618,3532.4467,2360.783
2021/2/9,5686.2502,3603.489,2418.2425
2021/2/10,5807.7191,3655.088,2460.5429
2021/2/18,5768.3814,3675.3571,2450.3947
2021/2/19,5778.842,3696.168,2468.6614
2021/2/22,5597.3327,3642.4449,2416.6659
2021/2/23,5579.6681,3636.3573,2396.0118
2021/2/24,5437.5683,3564.0799,2347.2844
2021/2/25,5469.5584,3585.0458,2335.4038
2021/2/26,5336.7609,3509.0804,2293.6899
2021/3/1,5418.7837,3551.3998,2349.1744
2021/3/2,5349.6301,3508.5912,2332.7608
2021/3/3,5452.2125,3576.9045,2363.1067
2021/3/4,5280.7058,3503.4916,2294.6677
2021/3/5,5262.7958,3501.9867,2298.5963
2021/3/8,5080.0246,3421.4141,2224.0802
2021/3/9,4970.9994,3359.292,2160.9052
2021/3/10,5003.6121,3357.7372,2165.3494
2021/3/11,5128.2156,3436.8313,2216.4812
2021/3/12,5146.3786,3453.0777,2220.2551
2021/3/15,5035.5441,3419.9456,2172.9378
2021/3/16,5079.3624,3446.7334,2196.5088
2021/3/17,5100.8581,3445.5509,2218.2599
2021/3/18,5141.7681,3463.0681,2237.4992
2021/3/19,5007.0907,3404.6634,2194.9062
2021/3/22,5057.152,3443.4392,2222.7216
2021/3/23,5009.2459,3411.5088,2197.7133
2021/3/24,4928.6853,3367.0606,2166.7542
2021/3/25,4926.3469,3363.5915,2166.4001
2021/3/26,5037.9899,3418.3267,2214.8137
2021/3/29,5046.8773,3435.2958,2218.79
2021/3/30,5094.7291,3456.6766,2229.27
2021/3/31,5048.3607,3441.9115,2217.6202
2021/4/1,5110.7768,3466.3315,2242.1864
2021/4/2,5161.5569,3484.3924,2262.0766
2021/4/6,5140.3418,3482.9674,2266.1989
2021/4/7,5103.7428,3479.6256,2258.1098
2021/4/8,5112.2086,3482.5548,2257.9528
2021/4/9,5035.3374,3450.6772,2236.5842
2021/4/12,4947.7459,3412.9477,2188.8917
2021/4/13,4939.6438,3396.47,2187.5673
2021/4/14,4980.6279,3416.7212,2218.4786
2021/4/15,4948.9741,3398.9875,2206.5526
2021/4/16,4966.1811,3426.6178,2220.2204
2021/4/19,5087.0165,3477.5485,2274.3608
2021/4/20,5083.3654,3472.9427,2272.6799
2021/4/21,5098.7449,3472.9298,2277.2123
2021/4/22,5089.2435,3465.1138,2288.1846
2021/4/23,5135.4534,3474.166,2298.5487
2021/4/26,5077.2372,3441.1658,2281.3044
2021/4/27,5090.5195,3442.6111,2281.9262
2021/4/28,5119.2421,3457.0683,2300.9362
2021/4/29,5164.1692,3474.9011,2305.6463
2021/4/30,5123.489,3446.8564,2298.9288
2021/5/6,5061.1244,3441.2826,2276.5828
2021/5/7,4996.0527,3418.8741,2239.6784
2021/5/10,4992.422,3427.9909,2243.9317
2021/5/11,5023.0595,3441.8454,2251.9621
2021/5/12,5044.5481,3462.7513,2271.8079
2021/5/13,4992.9738,3429.5361,2253.3004
2021/5/14,5110.5901,3490.3762,2293.8714
2021/5/17,5184.9853,3517.6158,2320.3312
2021/5/18,5187.6013,3529.0144,2324.2709
2021/5/19,5172.272,3510.9647,2327.461
2021/5/20,5186.412,3506.9444,2330.3605
2021/5/21,5134.1483,3486.5569,2319.7856
2021/5/24,5155.5875,3497.2821,2337.2557
2021/5/25,5318.478,3581.3418,2381.9341
2021/5/26,5320.5927,3593.357,2380.5586
2021/5/27,5338.2329,3608.8507,2399.2744
2021/5/28,5321.0886,3600.7844,2393.4849
2021/5/31,5331.5696,3615.4773,2419.7565
2021/6/1,5341.6798,3624.7138,2429.5725
2021/6/2,5289.9736,3597.1379,2400.8965
2021/6/3,5255.2855,3584.2121,2392.6354
2021/6/4,5282.2772,3591.8447,2407.6482
2021/6/7,5277.6271,3599.541,2413.9048
2021/6/8,5232.1165,3580.1063,2393.1336
2021/6/9,5236.4493,3591.3965,2396.5424
2021/6/10,5271.4661,3610.859,2422.584
2021/6/11,5224.703,3589.7481,2407.9314
2021/6/15,5166.5597,3556.559,2387.9089
2021/6/16,5080.4909,3518.3292,2332.4138
2021/6/17,5101.8924,3525.6042,2359.3951
2021/6/18,5102.4657,3525.0968,2378.6063
2021/6/21,5090.3854,3529.1826,2396.1981
2021/6/22,5122.1583,3557.412,2408.4137
2021/6/23,5147.3938,3566.2199,2427.3799
2021/6/24,5155.9738,3566.6539,2415.3599
2021/6/25,5239.9684,3607.5618,2442.0822
2021/6/28,5251.7604,3606.3722,2463.6609
2021/6/29,5190.5445,3573.1779,2441.2588
2021/6/30,5224.041,3591.197,2466.2435
2021/7/1,5229.6642,3588.7816,2442.2557
2021/7/2,5081.1172,3518.7595,2396.7756
2021/7/5,5085.7924,3534.3222,2414.4
2021/7/6,5083.1043,3530.2589,2406.5907
2021/7/7,5140.4899,3553.7155,2446.9937
2021/7/8,5088.2566,3525.5039,2435.2086
2021/7/9,5069.4361,3524.0881,2436.8434
2021/7/12,5132.7088,3547.8362,2485.1475
2021/7/13,5142.0991,3566.5225,2491.9734
2021/7/14,5083.0849,3528.5011,2470.0717
2021/7/15,5151.4626,3564.5902,2478.7195
2021/7/16,5094.7727,3539.3038,2454.0632
2021/7/19,5113.4945,3539.1225,2452.3227
2021/7/20,5108.9941,3536.7905,2456.7514
2021/7/21,5144.0428,3562.6611,2492.5375
2021/7/22,5151.7517,3574.7344,2503.8546
2021/7/23,5089.2282,3550.3964,2468.1394
2021/7/26,4925.299,3467.4409,2411.8062
2021/7/27,4751.313,3381.1833,2331.4301
2021/7/28,4760.4826,3361.5895,2313.2034
2021/7/29,4850.2746,3411.724,2384.1697
2021/7/30,4811.1695,3397.3574,2385.6235
2021/8/2,4933.736,3464.2854,2436.9202
2021/8/3,4934.4583,3447.9914,2423.9697
2021/8/4,4978.8479,3477.2186,2465.6168
2021/8/5,4948.6703,3466.5491,2447.0395
2021/8/6,4921.5647,3458.2277,2443.0583
2021/8/9,4985.5627,3494.6348,2462.8359
2021/8/10,5043.148,3529.9309,2483.7927
2021/8/11,5015.3406,3532.6213,2487.0041
2021/8/12,4973.3509,3524.7374,2478.342
2021/8/13,4945.9829,3516.2989,2468.7403
2021/8/16,4941.0676,3517.3447,2454.359
2021/8/17,4837.4034,3446.976,2392.4944
2021/8/18,4894.2384,3485.2859,2412.494
2021/8/19,4862.1394,3465.5546,2417.2307
2021/8/20,4769.2678,3427.3338,2388.9591
2021/8/23,4835.8782,3477.1321,2445.0411
2021/8/24,4888.3902,3514.471,2463.8456
2021/8/25,4898.1572,3540.3837,2475.0846
2021/8/26,4801.6094,3501.6643,2437.1486
2021/8/27,4827.0433,3522.1567,2439.6867
2021/8/30,4813.2703,3528.1512,2441.1084
2021/8/31,4805.6099,3543.9402,2429.8634
2021/9/1,4869.4587,3567.1008,2417.8894
2021/9/2,4869.4113,3597.0426,2427.7697
2021/9/3,4843.0624,3581.7344,2414.2964
2021/9/6,4933.7262,3621.8593,2463.3617
2021/9/7,4992.8294,3676.5866,2490.6412
2021/9/8,4972.1324,3675.1865,2492.595
2021/9/9,4970.0133,3693.1296,2494.2747
2021/9/10,5013.5219,3703.1103,2502.015
2021/9/13,4991.6598,3715.3723,2500.8319
2021/9/14,4917.1617,3662.6015,2488.8827
2021/9/15,4867.3187,3656.2232,2486.1271
2021/9/16,4807.6978,3607.0922,2437.5563
2021/9/17,4855.9402,3613.9663,2446.0527
2021/9/22,4821.7675,3628.4897,2440.054
2021/9/23,4853.1957,3642.2204,2451.3593
2021/9/24,4849.4277,3613.0673,2434.2325
2021/9/27,4877.3698,3582.8307,2406.5565
2021/9/28,4883.828,3602.2184,2402.1965
2021/9/29,4833.9281,3536.2944,2347.1568
2021/9/30,4866.3826,3568.1668,2395.0536
2021/10/8,4929.9409,3592.1666,2413.9197
2021/10/11,4936.1918,3591.7087,2403.4552
2021/10/12,4883.8369,3546.9362,2363.8116
2021/10/13,4940.1089,3561.7623,2394.385
2021/10/14,4913.6123,3558.2795,2399.2585
2021/10/15,4932.1084,3572.3662,2400.5168
2021/10/18,4874.7753,3568.1379,2402.0441
2021/10/19,4922.7232,3593.1533,2422.6423
2021/10/20,4910.1846,3587.0009,2420.0438
2021/10/21,4928.0156,3594.7831,2416.1798
2021/10/22,4959.7254,3582.6036,2412.6738
2021/10/25,4979.5235,3609.8626,2433.2205
2021/10/26,4963.0984,3597.6377,2424.3868
2021/10/27,4898.1644,3562.3052,2397.5082
2021/10/28,4864.138,3518.4166,2362.2353
2021/10/29,4908.7701,3547.3361,2400.0286
2021/11/1,4890.6851,3544.4795,2411.7821
2021/11/2,4839.8457,3505.6283,2392.2695
2021/11/3,4821.1119,3498.5368,2393.6041
2021/11/4,4868.7419,3526.8657,2425.161
2021/11/5,4842.3458,3491.5677,2406.4181
2021/11/8,4848.1795,3498.6308,2417.974
2021/11/9,4846.7444,3507.0018,2436.243
2021/11/10,4821.1925,3492.4616,2430.0826
2021/11/11,4898.6529,3532.7858,2457.7804
2021/11/12,4888.3749,3539.1002,2467.1565
2021/11/15,4882.3777,3533.3026,2462.3891
2021/11/16,4883.3206,3521.7867,2449.9512
2021/11/17,4885.7544,3537.3662,2477.0152
2021/11/18,4837.6185,3520.7106,2460.8624
2021/11/19,4890.0575,3560.3734,2490.2695
2021/11/22,4912.399,3582.0797,2525.581
2021/11/23,4913.3457,3589.0894,2520.3734
2021/11/24,4916.6579,3592.7025,2520.4776
2021/11/25,4896.4416,3584.1788,2512.2239
2021/11/26,4860.1265,3564.0894,2507.153
2021/11/29,4851.423,3562.6968,2516.939
2021/11/30,4832.026,3563.8872,2519.2657
2021/12/1,4843.851,3576.8853,2524.1419
2021/12/2,4856.163,3573.8358,2508.4462
2021/12/3,4901.0175,3607.4322,2526.379
2021/12/6,4892.6209,3589.3061,2495.4999
2021/12/7,4922.1015,3595.0882,2477.4937
2021/12/8,4995.9298,3637.5675,2521.2897
2021/12/9,5078.6901,3673.0412,2543.1602
2021/12/10,5055.1172,3666.3479,2546.6506
2021/12/13,5083.8007,3681.082,2561.9105
2021/12/14,5049.6953,3661.5253,2558.2467
2021/12/15,5005.8991,3647.6303,2543.4923
2021/12/16,5034.7321,3675.016,2559.3069
2021/12/17,4954.7599,3632.3638,2523.1498
2021/12/20,4880.4178,3593.6019,2478.4146
2021/12/21,4913.4853,3625.1251,2504.3287
2021/12/22,4914.4544,3622.6178,2520.2963
2021/12/23,4948.7389,3643.3391,2524.7418
2021/12/24,4921.3449,3618.0535,2491.9596
2021/12/27,4919.3238,3615.9741,2494.2034
2021/12/28,4955.9644,3630.1115,2514.8151
2021/12/29,4883.4804,3597.0002,2494.4075
2021/12/30,4921.5109,3619.1886,2517.1619
2021/12/31,4940.3733,3639.7754,2530.1373
2022/1/4,4917.7653,3632.3289,2527.6957
2022/1/5,4868.1202,3595.1761,2483.6907
2022/1/6,4818.2318,3586.0792,2481.3261
2022/1/7,4822.3689,3579.5427,2452.8166
2022/1/10,4844.0451,3593.5187,2467.3222
2022/1/11,4797.7735,3567.4409,2441.2306
2022/1/12,4845.5787,3597.4321,2475.822
2022/1/13,4765.9191,3555.2585,2434.9175
2022/1/14,4726.7317,3521.2559,2435.3995
2022/1/17,4767.2762,3541.666,2473.0138
2022/1/18,4813.3472,3569.9144,2464.8308
2022/1/19,4780.3784,3558.1796,2442.1233
2022/1/20,4823.5091,3555.0629,2419.6858
2022/1/21,4779.3142,3522.5679,2387.6454
2022/1/24,4786.7377,3524.105,2392.2438
2022/1/25,4678.4511,3433.0612,2313.0624
2022/1/26,4712.3109,3455.6679,2329.1673
2022/1/27,4619.8765,3394.2474,2262.4051
2022/1/28,4563.772,3361.4397,2262.3673
2022/2/7,4634.0899,3429.5809,2285.9864
2022/2/8,4608.7729,3452.6288,2280.5053
2022/2/9,4652.0609,3479.9458,2317.2275
2022/2/10,4639.8625,3485.9071,2302.4697
2022/2/11,4601.3953,3462.9479,2262.9642
2022/2/14,4551.6878,3428.8821,2253.1314
2022/2/15,4600.1025,3446.0885,2283.6307
2022/2/16,4617.9893,3465.8305,2296.9932
2022/2/17,4629.1649,3468.0354,2302.1627
2022/2/18,4651.2358,3490.7573,2311.7905
2022/2/21,4634.3141,3490.6123,2325.7966
2022/2/22,4574.1527,3457.146,2297.2985
2022/2/23,4623.0465,3489.1465,2337.5794
2022/2/24,4529.3189,3429.9564,2282.4423
2022/2/25,4573.4247,3451.4061,2310.0657
2022/2/28,4581.6459,3462.3064,2318.0946
2022/3/1,4619.6862,3488.8347,2326.2538
2022/3/2,4578.6007,3484.1916,2313.18
2022/3/3,4551.6283,3481.1125,2294.0786
2022/3/4,4496.4301,3447.649,2264.6413
2022/3/7,4352.7775,3372.8552,2203.4137
2022/3/8,4265.391,3293.5301,2139.667
2022/3/9,4226.3463,3256.3884,2116.1482
2022/3/10,4292.8374,3296.0922,2160.9422
2022/3/11,4306.5217,3309.7467,2173.137
2022/3/14,4174.7577,3223.5328,2109.462
2022/3/15,3983.812,3063.9652,2013.368
2022/3/16,4156.081,3170.7103,2086.2438
2022/3/17,4237.6956,3215.0445,2133.0076
2022/3/18,4265.9017,3251.0724,2144.9018
2022/3/21,4258.7459,3253.6857,2160.5382
2022/3/22,4255.295,3259.8619,2151.6829
2022/3/23,4276.5174,3271.0325,2163.1996
2022/3/24,4251.3061,3250.2644,2144.3428
2022/3/25,4174.5742,3212.2399,2113.733
2022/3/28,4148.4663,3214.5027,2096.5026
2022/3/29,4134.1441,3203.9393,2084.4739
2022/3/30,4254.0989,3266.5959,2137.6136
2022/3/31,4222.5968,3252.2029,2117.9594
2022/4/1,4276.158,3282.7166,2127.8185
2022/4/6,4263.8411,3283.4261,2127.9559
2022/4/7,4209.0998,3236.6951,2087.5317
2022/4/8,4230.7669,3251.8502,2080.7694
2022/4/11,4100.0703,3167.1259,2011.445
2022/4/12,4179.9727,3213.3295,2047.8795
2022/4/13,4139.737,3186.8244,2012.1763
2022/4/14,4191.5684,3225.6412,2034.4796
2022/4/15,4188.7472,3211.2448,2013.8738
2022/4/18,4166.3844,3195.524,2022.5196
2022/4/19,4134.9017,3194.0287,2020.2782
2022/4/20,4070.7889,3151.0498,1985.6458
2022/4/21,3995.83,3079.8077,1923.8094
2022/4/22,4013.2498,3086.9193,1914.1115
2022/4/25,3814.9127,2928.5118,1790.0253
2022/4/26,3784.1198,2886.4257,1752.2749
2022/4/27,3895.5361,2958.282,1821.3892
2022/4/28,3921.1073,2975.4848,1808.4684
2022/4/29,4016.241,3047.0624,1878.8785
2022/5/5,4010.2102,3067.7587,1891.6619
2022/5/6,3908.815,3001.5605,1859.3928
2022/5/9,3877.4364,3004.1409,1865.9234
2022/5/10,3919.8684,3035.8442,1894.3907
2022/5/11,3976.4231,3058.7027,1918.5163
2022/5/12,3958.74,3054.994,1921.6549
2022/5/13,3988.6002,3084.2845,1931.4501
2022/5/16,3956.5378,3073.7488,1926.0142
2022/5/17,4005.8934,3093.6965,1940.0521
2022/5/18,3991.9069,3085.9768,1941.5359
2022/5/19,3999.5984,3096.9648,1952.7049
2022/5/20,4077.5998,3146.5673,1983.6714
2022/5/23,4053.9823,3146.8573,1994.7614
2022/5/24,3959.1541,3070.9272,1922.476
2022/5/25,3983.1784,3107.4641,1944.8798
2022/5/26,3993.0446,3123.1079,1955.1293
2022/5/27,4001.2988,3130.2394,1955.0336
2022/5/30,4029.0179,3149.0607,1975.8926
2022/5/31,4091.5176,3186.4271,2006.9511
2022/6/1,4083.1772,3182.1566,2012.6462
2022/6/2,4089.5682,3195.458,2026.5055
2022/6/6,4166.085,3236.3719,2073.5554
2022/6/7,4179.1285,3241.7635,2072.5798
2022/6/8,4219.8122,3263.7934,2083.4225
2022/6/9,4175.6747,3238.9543,2045.6954
2022/6/10,4238.9936,3284.8341,2085.309
2022/6/13,4189.3527,3255.5511,2085.1019
2022/6/14,4222.3114,3288.9066,2089.1148
2022/6/15,4278.2178,3305.4066,2098.9944
2022/6/16,4250.0614,3285.3845,2106.7488
2022/6/17,4309.0444,3316.7857,2131.2166
2022/6/20,4330.4328,3315.4302,2158.336
2022/6/21,4325.5657,3306.7186,2147.293
2022/6/22,4270.6227,3267.2016,2119.8208
2022/6/23,4343.8781,3320.1487,2164.0059
2022/6/24,4394.7723,3349.747,2192.6642
2022/6/27,4444.2639,3379.1852,2216.9818
2022/6/28,4490.5166,3409.2103,2243.9159
2022/6/29,4421.357,3361.5177,2194.5076
2022/6/30,4485.0108,3398.6161,2224.151
2022/7/1,4466.7179,3387.6373,2219.4104
2022/7/4,4496.0303,3405.4267,2245.3074
2022/7/5,4489.5383,3404.0252,2232.9795
2022/7/6,4423.9698,3355.3497,2207.196
2022/7/7,4443.4736,3364.398,2227.6629
2022/7/8,4428.781,3356.0778,2219.9038
2022/7/11,4354.6167,3313.584,2187.34
2022/7/12,4313.6184,3281.4665,2155.5621
2022/7/13,4321.4617,3284.2918,2175.59
2022/7/14,4322.0742,3281.744,2192.6955
2022/7/15,4248.5273,3228.0609,2159.9937
2022/7/18,4292.5858,3278.1033,2191.9568
2022/7/19,4269.3401,3279.4313,2194.9155
2022/7/20,4283.8027,3304.7243,2210.4577
2022/7/21,4236.0578,3272.0012,2193.8114
2022/7/22,4238.2341,3269.9739,2185.4116
2022/7/25,4212.6441,3250.388,2165.3557
2022/7/26,4245.9758,3277.4356,2187.2283
2022/7/27,4225.0357,3275.7553,2194.542
2022/7/28,4225.6733,3282.5758,2203.2412
2022/7/29,4170.1019,3253.2382,2181.2453
2022/8/1,4188.6784,3259.9585,2202.4861
2022/8/2,4107.024,3186.2664,2138.1667
2022/8/3,4066.9754,3163.6741,2117.1863
2022/8/4,4101.5367,3189.0391,2135.3272
2022/8/5,4156.9111,3227.0267,2166.0134
2022/8/8,4148.0746,3236.9337,2183.2211
2022/8/9,4156.2907,3247.4318,2188.4874
2022/8/10,4109.7373,3230.02,2180.8297
2022/8/11,4193.5428,3281.6654,2216.9766
2022/8/12,4191.152,3276.8877,2207.0643
2022/8/15,4185.6794,3276.087,2217.4382
2022/8/16,4177.837,3277.8847,2227.0362
2022/8/17,4216.9586,3292.526,2242.4452
2022/8/18,4180.0996,3277.5438,2236.5265
2022/8/19,4151.0738,3258.0784,2207.9854
2022/8/22,4181.3965,3277.7943,2228.3161
2022/8/23,4161.0823,3276.2234,2227.3832
2022/8/24,4082.4195,3215.2033,2160.3762
2022/8/25,4116.2396,3246.2481,2155.1402
2022/8/26,4107.5455,3236.2226,2146.1933
2022/8/29,4089.5205,3240.7275,2147.7368
2022/8/30,4075.7937,3227.2203,2137.7154
2022/8/31,4078.8402,3202.1378,2096.0652
2022/9/1,4043.7395,3184.9797,2080.6007
2022/9/2,4023.6131,3186.4781,2089.7353
2022/9/5,4015.4264,3199.9118,2088.0874
2022/9/6,4052.2802,3243.4466,2113.2739
2022/9/7,4054.983,3246.2943,2123.1955
2022/9/8,4037.6839,3235.5862,2104.3926
2022/9/9,4093.7874,3262.0542,2118.1081
2022/9/13,4111.1145,3263.7972,2125.0456
2022/9/14,4065.359,3237.5419,2100.8986
2022/9/15,4027.1186,3199.9187,2051.7909
2022/9/16,3932.6826,3126.3977,2005.5983
2022/9/19,3928.0001,3115.6019,1990.3583
2022/9/20,3932.8361,3122.4058,2011.6572
2022/9/21,3903.7348,3117.1774,2004.314
2022/9/22,3869.344,3108.9096,1991.8491
2022/9/23,3856.0212,3088.3695,1963.6862
2022/9/26,3836.6773,3051.226,1948.998
2022/9/27,3892.295,3093.8618,1989.3978
2022/9/28,3828.7098,3045.0668,1938.2576
2022/9/29,3827.1434,3041.2046,1937.1995
2022/9/30,3804.8853,3024.3905,1911.9956
2022/10/10,3720.9365,2974.1454,1870.5028
2022/10/11,3727.6867,2979.7926,1881.9998
2022/10/12,3784.3064,3025.5055,1929.5344
2022/10/13,3752.6729,3016.3561,1934.2757
2022/10/14,3842.4698,3071.9868,1984.3338
2022/10/17,3846.4119,3084.9423,1997.8116
2022/10/18,3838.2667,3080.9574,2005.0824
2022/10/19,3776.5335,3044.3777,1981.8367
2022/10/20,3754.9269,3035.0504,1971.6698
2022/10/21,3742.8929,3038.9291,1966.9258
2022/10/24,3633.3733,2977.5554,1932.3409
2022/10/25,3627.4542,2976.283,1923.5116
2022/10/26,3656.9027,2999.5036,1957.9173
2022/10/27,3631.1448,2982.9029,1945.3803
2022/10/28,3541.3295,2915.9257,1879.2028
2022/10/31,3508.7034,2893.4829,1886.4131
2022/11/1,3634.1732,2969.1995,1942.3568
2022/11/2,3677.8051,3003.3699,1968.2044
2022/11/3,3647.8966,2997.8057,1967.3841
2022/11/4,3767.1746,3070.7964,2020.1639
2022/11/7,3775.2971,3077.817,2027.8553
2022/11/8,3749.3251,3064.4928,2019.8085
2022/11/9,3714.2704,3048.1676,2011.5071
2022/11/10,3685.6885,3036.1318,1991.8207
2022/11/11,3788.4387,3087.2926,2017.9553
2022/11/14,3794.0171,3083.4013,2012.8076
2022/11/15,3865.9726,3134.0778,2054.0925
2022/11/16,3834.3899,3119.9804,2037.998
2022/11/17,3818.664,3115.4347,2039.2066
2022/11/18,3801.5686,3097.2432,2029.3202
2022/11/21,3769.1269,3085.0444,2028.508
2022/11/22,3769.5727,3088.9426,2002.3932
2022/11/23,3773.5287,3096.9073,1995.5131
2022/11/24,3756.8082,3089.3096,1998.1447
2022/11/25,3775.7764,3101.6932,1984.1807
2022/11/28,3733.2424,3078.5485,1974.0709
2022/11/29,3848.4224,3149.7478,2016.2211
2022/11/30,3853.0365,3151.3353,2018.6884
2022/12/1,3894.7687,3165.4711,2044.1016
2022/12/2,3870.9478,3156.1442,2044.6024
2022/12/5,3946.8759,3211.8144,2062.6295
2022/12/6,3968.1979,3212.5334,2067.9274
2022/12/7,3958.4409,3199.6194,2071.0395
2022/12/8,3959.1798,3197.3499,2064.3786
2022/12/9,3998.2442,3206.9502,2075.8446
2022/12/12,3953.4433,3179.0417,2061.8727
2022/12/13,3945.6813,3176.3255,2050.3738
2022/12/14,3954.8857,3176.5253,2048.6078
2022/12/15,3951.9885,3168.6478,2054.9133
2022/12/16,3954.227,3167.8576,2039.5186
2022/12/19,3893.2207,3107.115,2003.2003
2022/12/20,3829.0173,3073.7659,1979.0829
2022/12/21,3830.5384,3068.4105,1969.7897
2022/12/22,3836.028,3054.4313,1955.5761
2022/12/23,3828.2188,3045.8664,1950.0156
2022/12/26,3843.4887,3065.5626,1975.9343
2022/12/27,3887.854,3095.5678,1993.3241
2022/12/28,3871.2644,3087.3997,1974.3282
2022/12/29,3856.7007,3073.7016,1968.4052
2022/12/30,3871.6338,3089.2579,1975.6141
2023/1/3,3887.8992,3116.5119,2004.1231
2023/1/4,3892.9477,3123.5164,2005.3517
2023/1/5,3968.5782,3155.2162,2037.1406
2023/1/6,3980.8888,3157.6365,2040.5254
2023/1/9,4013.1196,3176.0845,2054.4742
2023/1/10,4017.4737,3169.5072,2060.4377
2023/1/11,4010.0309,3161.8376,2046.7635
2023/1/12,4017.8692,3163.4509,2048.7745
2023/1/13,4074.3772,3195.3059,2067.1546
2023/1/16,4137.9643,3227.5916,2094.9893
2023/1/17,4137.2422,3224.2448,2094.259
2023/1/18,4130.3143,3224.406,2097.9516
2023/1/19,4156.0077,3240.2794,2112.0958
2023/1/20,4181.5267,3264.8138,2125.8105
2023/1/30,4201.345,3269.318,2150.3751
2023/1/31,4156.8578,3255.6692,2142.5542
2023/2/1,4195.9332,3284.9213,2173.5881
2023/2/2,4181.1493,3285.6705,2172.4914
2023/2/3,4141.6319,3263.4059,2163.2839
2023/2/6,4086.8779,3238.6978,2145.1855
2023/2/7,4094.2335,3248.094,2152.8907
2023/2/8,4076.1411,3232.1063,2141.3113
2023/2/9,4130.8565,3270.3826,2174.2001
2023/2/10,4106.3097,3260.6734,2164.715
2023/2/13,4143.574,3284.1599,2190.5372
2023/2/14,4145.2902,3293.2825,2188.8123
2023/2/15,4123.6893,3280.4919,2187.5148
2023/2/16,4093.4876,3249.0295,2150.2299
2023/2/17,4034.507,3224.0243,2125.1878
2023/2/20,4133.4896,3290.3383,2161.6634
2023/2/21,4144.3536,3306.5236,2165.7696
2023/2/22,4106.9506,3291.1477,2159.8216
2023/2/23,4103.6463,3287.477,2154.7304
2023/2/24,4061.0457,3267.1597,2140.6499
2023/2/27,4043.8444,3258.0344,2124.8764
2023/2/28,4069.4587,3279.6053,2142.0837
2023/3/1,4126.9415,3312.3478,2163.8174
2023/3/2,4117.7377,3310.6536,2152.6378
2023/3/3,4130.5513,3328.3927,2152.1259
2023/3/6,4109.0102,3322.0259,2152.1521
2023/3/7,4048.8519,3285.0988,2108.7179
2023/3/8,4034.1077,3283.2479,2114.9124
2023/3/9,4019.8505,3276.0937,2113.3308
2023/3/10,3967.1352,3230.0766,2087.1675
2023/3/13,4008.686,3268.6955,2096.4166
2023/3/14,3984.6956,3245.3123,2075.9279
2023/3/15,3986.902,3263.3148,2081.2591
2023/3/16,3939.1505,3226.8912,2049.4833
2023/3/17,3958.8194,3250.546,2060.1843
2023/3/20,3939.077,3234.9103,2053.649
2023/3/21,3982.3782,3255.6505,2085.9816
2023/3/22,3999.4427,3265.7475,2098.4371
2023/3/23,4039.0895,3286.6491,2111.4458
2023/3/24,4027.0457,3265.6537,2116.7735
2023/3/27,4012.4771,3251.3971,2119.1769
2023/3/28,3999.5147,3245.376,2104.3665
2023/3/29,4006.144,3240.0568,2103.3709
2023/3/30,4038.5257,3261.2485,2108.2884
2023/3/31,4050.9257,3272.8602,2124.7562
2023/4/3,4090.5676,3296.396,2149.0247
2023/4/4,4103.1052,3312.5578,2139.3683
2023/4/6,4096.64,3312.628,2138.5842
2023/4/7,4123.2799,3327.6457,2158.4145
2023/4/10,4104.8118,3315.3578,2136.4304
2023/4/11,4100.1479,3313.5705,2139.4819
2023/4/12,4097.2876,3327.1816,2147.1629
2023/4/13,4068.9786,3318.3638,2127.694
2023/4/14,4091.9988,3338.1525,2137.0597
2023/4/17,4149.3836,3385.6095,2141.4024
2023/4/18,4162.032,3393.3312,2138.7908
2023/4/19,4124.5589,3370.1283,2126.5078
2023/4/20,4113.0192,3367.031,2117.9449
2023/4/21,4032.5672,3301.2575,2066.103
2023/4/24,3982.6429,3275.413,2049.1898
2023/4/25,3962.6658,3264.8717,2014.5751
2023/4/26,3959.2323,3264.1006,2025.0757
2023/4/27,3988.4185,3285.8844,2027.471
2023/4/28,4029.0858,3323.2746,2056.0385
2023/5/4,4030.2471,3350.4587,2054.3994
2023/5/5,4016.8774,3334.5028,2037.8618
2023/5/8,4062.6624,3395.0036,2046.9186
2023/5/9,4027.8754,3357.6707,2023.0583
2023/5/10,3996.8695,3319.1506,2029.2741
2023/5/11,3990.6637,3309.5512,2032.7685
2023/5/12,3937.7622,3272.3619,2010.0376
2023/5/15,3998.8872,3310.7367,2033.7968
2023/5/16,3978.2054,3290.9874,2019.3782
2023/5/17,3960.165,3284.232,2025.9507
2023/5/18,3956.0701,3297.3199,2028.6752
2023/5/19,3944.5403,3283.5417,2031.0995
2023/5/22,3969.3277,3296.4696,2038.9605
2023/5/23,3913.1882,3246.238,2018.722
2023/5/24,3859.0935,3204.7494,2009.4817
2023/5/25,3850.4996,3201.2605,2006.1278
2023/5/26,3850.9511,3212.5038,2012.487
2023/5/29,3833.9416,3221.4484,2002.147
2023/5/30,3837.7531,3224.2133,2011.9875
2023/5/31,3798.5434,3204.5644,2003.1822
2023/6/1,3806.8679,3204.6345,2012.232
2023/6/2,3861.8337,3230.0686,2035.6181
2023/6/5,3844.2492,3232.441,2033.7008
2023/6/6,3808.1629,3195.3404,1998.6194
2023/6/7,3789.3418,3197.7587,1995.2775
2023/6/8,3820.1867,3213.5855,1992.3257
2023/6/9,3836.7026,3231.4055,2006.446
2023/6/12,3844.4324,3228.8336,2021.1775
2023/6/13,3864.9074,3233.6734,2033.7915
2023/6/14,3864.0247,3228.9887,2038.7962
2023/6/15,3925.4994,3252.9751,2062.9467
2023/6/16,3963.3509,3273.3341,2083.3551
2023/6/19,3930.9079,3255.8057,2081.4913
2023/6/20,3924.2377,3240.3648,2080.4433
2023/6/21,3864.0323,3197.9011,2039.9089
2023/6/26,3809.6962,3150.6189,2002.9313
